,time,MISO,MOSI
0,0,0xff,0xff
1,0,0xff,0x58
2,0,0xff,0x29
3,0,0xff,0xe7
4,0,0xff,0xc5
5,0,0xff,0x86
6,0,0xff,0x00
7,0,0xff,0xff
8,0,0xff,0xff
9,0,0x00,0xff
10,0,0xff,0xff
11,0,0xff,0xfe
12,0,0xff,0x67
13,0,0xff,0x5a
14,0,0xff,0xd4
15,0,0xff,0x4e
16,0,0xff,0xee
17,0,0xff,0x84
18,0,0xff,0x36
19,0,0xff,0xbf
20,0,0xff,0xde
21,0,0xff,0x27
22,0,0xff,0x8d
23,0,0xff,0xef
24,0,0xff,0x3f
25,0,0xff,0x59
26,0,0xff,0x0b
27,0,0xff,0xc2
28,0,0xff,0x66
29,0,0xff,0x9e
30,0,0xff,0xe2
31,0,0xff,0x4c
32,0,0xff,0xd7
33,0,0xff,0x93
34,0,0xff,0x30
35,0,0xff,0xc7
36,0,0xff,0x41
37,0,0xff,0xbd
38,0,0xff,0x13
39,0,0xff,0xdb
40,0,0xff,0xce
41,0,0xff,0x17
42,0,0xff,0x00
43,0,0xff,0xdf
44,0,0xff,0x56
45,0,0xff,0x65
46,0,0xff,0x60
47,0,0xff,0xda
48,0,0xff,0xc7
49,0,0xff,0x81
50,0,0xff,0x54
51,0,0xff,0xd1
52,0,0xff,0x06
53,0,0xff,0x48
54,0,0xff,0x7a
55,0,0xff,0xb6
56,0,0xff,0x62
57,0,0xff,0x59
58,0,0xff,0x93
59,0,0xff,0x0a
60,0,0xff,0x36
61,0,0xff,0x5c
62,0,0xff,0x8f
63,0,0xff,0x0a
64,0,0xff,0x8b
65,0,0xff,0xdf
66,0,0xff,0x2f
67,0,0xff,0x46
68,0,0xff,0x04
69,0,0xff,0x1d
70,0,0xff,0xb8
71,0,0xff,0xf6
72,0,0xff,0xdd
73,0,0xff,0x12
74,0,0xff,0x27
75,0,0xff,0xdb
76,0,0xff,0x5a
77,0,0xff,0xe7
78,0,0xff,0xba
79,0,0xff,0xf6
80,0,0xff,0x14
81,0,0xff,0x60
82,0,0xff,0xf9
83,0,0xff,0x5a
84,0,0xff,0xc1
85,0,0xff,0x2c
86,0,0xff,0x72
87,0,0xff,0x13
88,0,0xff,0x39
89,0,0xff,0x7e
90,0,0xff,0xe4
91,0,0xff,0x30
92,0,0xff,0x11
93,0,0xff,0xf9
94,0,0xff,0xc9
95,0,0xff,0xee
96,0,0xff,0xc4
97,0,0xff,0x05
98,0,0xff,0xa7
99,0,0xff,0x75
100,0,0xff,0x0f
101,0,0xff,0x78
102,0,0xff,0x09
103,0,0xff,0x47
104,0,0xff,0x81
105,0,0xff,0xe7
106,0,0xff,0x57
107,0,0xff,0xab
108,0,0xff,0x12
109,0,0xff,0x33
110,0,0xff,0x38
111,0,0xff,0xe0
112,0,0xff,0x85
113,0,0xff,0x42
114,0,0xff,0x49
115,0,0xff,0x5c
116,0,0xff,0x91
117,0,0xff,0xa4
118,0,0xff,0x6f
119,0,0xff,0xbe
120,0,0xff,0x3b
121,0,0xff,0xca
122,0,0xff,0x65
123,0,0xff,0x24
124,0,0xff,0x46
125,0,0xff,0x98
126,0,0xff,0xf3
127,0,0xff,0x45
128,0,0xff,0x0d
129,0,0xff,0x24
130,0,0xff,0x70
131,0,0xff,0xb6
132,0,0xff,0xfe
133,0,0xff,0x16
134,0,0xff,0x12
135,0,0xff,0x2b
136,0,0xff,0x33
137,0,0xff,0x8e
138,0,0xff,0x03
139,0,0xff,0x4b
140,0,0xff,0x8f
141,0,0xff,0xd5
142,0,0xff,0xea
143,0,0xff,0x3e
144,0,0xff,0x42
145,0,0xff,0xef
146,0,0xff,0x85
147,0,0xff,0xb8
148,0,0xff,0xd4
149,0,0xff,0x65
150,0,0xff,0x90
151,0,0xff,0x86
152,0,0xff,0x92
153,0,0xff,0xca
154,0,0xff,0x56
155,0,0xff,0xfa
156,0,0xff,0xe0
157,0,0xff,0x3e
158,0,0xff,0xc6
159,0,0xff,0xda
160,0,0xff,0x2a
161,0,0xff,0x50
162,0,0xff,0x7b
163,0,0xff,0x18
164,0,0xff,0xc8
165,0,0xff,0x2e
166,0,0xff,0x32
167,0,0xff,0x92
168,0,0xff,0xaf
169,0,0xff,0xe2
170,0,0xff,0xdc
171,0,0xff,0x94
172,0,0xff,0xe2
173,0,0xff,0xe3
174,0,0xff,0xe0
175,0,0xff,0x9f
176,0,0xff,0x50
177,0,0xff,0x11
178,0,0xff,0x34
179,0,0xff,0xa8
180,0,0xff,0xcd
181,0,0xff,0xb6
182,0,0xff,0x3f
183,0,0xff,0xdd
184,0,0xff,0xa4
185,0,0xff,0xd5
186,0,0xff,0x8a
187,0,0xff,0x66
188,0,0xff,0xd0
189,0,0xff,0x3c
190,0,0xff,0x45
191,0,0xff,0xb6
192,0,0xff,0xaa
193,0,0xff,0xf5
194,0,0xff,0x61
195,0,0xff,0xb3
196,0,0xff,0x5d
197,0,0xff,0x23
198,0,0xff,0xb0
199,0,0xff,0xe5
200,0,0xff,0x71
201,0,0xff,0xd8
202,0,0xff,0x3b
203,0,0xff,0x6c
204,0,0xff,0x21
205,0,0xff,0x72
206,0,0xff,0xd1
207,0,0xff,0x64
208,0,0xff,0x49
209,0,0xff,0x74
210,0,0xff,0xcb
211,0,0xff,0xdf
212,0,0xff,0x34
213,0,0xff,0x02
214,0,0xff,0x31
215,0,0xff,0xc7
216,0,0xff,0x34
217,0,0xff,0x9c
218,0,0xff,0x21
219,0,0xff,0x45
220,0,0xff,0xbc
221,0,0xff,0x66
222,0,0xff,0x3a
223,0,0xff,0x0e
224,0,0xff,0xdb
225,0,0xff,0xee
226,0,0xff,0x1c
227,0,0xff,0xca
228,0,0xff,0x05
229,0,0xff,0x1c
230,0,0xff,0x31
231,0,0xff,0x5d
232,0,0xff,0xd2
233,0,0xff,0x3a
234,0,0xff,0x86
235,0,0xff,0xeb
236,0,0xff,0xad
237,0,0xff,0x20
238,0,0xff,0x08
239,0,0xff,0x38
240,0,0xff,0xa9
241,0,0xff,0x56
242,0,0xff,0x2a
243,0,0xff,0xb2
244,0,0xff,0xdf
245,0,0xff,0x1d
246,0,0xff,0xaf
247,0,0xff,0x95
248,0,0xff,0x40
249,0,0xff,0x5a
250,0,0xff,0x10
251,0,0xff,0x34
252,0,0xff,0x5c
253,0,0xff,0xc2
254,0,0xff,0xfe
255,0,0xff,0x0a
256,0,0xff,0xf9
257,0,0xff,0x4d
258,0,0xff,0x12
259,0,0xff,0xf4
260,0,0xff,0x31
261,0,0xff,0xb3
262,0,0xff,0xc9
263,0,0xff,0x3a
264,0,0xff,0x59
265,0,0xff,0x6f
266,0,0xff,0xea
267,0,0xff,0x1c
268,0,0xff,0x43
269,0,0xff,0x14
270,0,0xff,0x77
271,0,0xff,0xda
272,0,0xff,0xd1
273,0,0xff,0xa4
274,0,0xff,0x67
275,0,0xff,0x2a
276,0,0xff,0x60
277,0,0xff,0x04
278,0,0xff,0xda
279,0,0xff,0x32
280,0,0xff,0x70
281,0,0xff,0x76
282,0,0xff,0x83
283,0,0xff,0x0c
284,0,0xff,0x5a
285,0,0xff,0x05
286,0,0xff,0x44
287,0,0xff,0x65
288,0,0xff,0xf1
289,0,0xff,0x7e
290,0,0xff,0x09
291,0,0xff,0x09
292,0,0xff,0xd3
293,0,0xff,0x0f
294,0,0xff,0x7a
295,0,0xff,0xc2
296,0,0xff,0x0b
297,0,0xff,0x4b
298,0,0xff,0xed
299,0,0xff,0x0e
300,0,0xff,0xc6
301,0,0xff,0xb0
302,0,0xff,0xc9
303,0,0xff,0x11
304,0,0xff,0x86
305,0,0xff,0xff
306,0,0xff,0x3d
307,0,0xff,0x3e
308,0,0xff,0x62
309,0,0xff,0x55
310,0,0xff,0x7a
311,0,0xff,0xfc
312,0,0xff,0x2e
313,0,0xff,0x2a
314,0,0xff,0xbb
315,0,0xff,0xe6
316,0,0xff,0x0a
317,0,0xff,0xac
318,0,0xff,0xec
319,0,0xff,0x92
320,0,0xff,0x6a
321,0,0xff,0x12
322,0,0xff,0xf1
323,0,0xff,0x61
324,0,0xff,0x1a
325,0,0xff,0x1e
326,0,0xff,0x6f
327,0,0xff,0x84
328,0,0xff,0x3d
329,0,0xff,0xc3
330,0,0xff,0xa4
331,0,0xff,0xf8
332,0,0xff,0xbb
333,0,0xff,0x9d
334,0,0xff,0x8d
335,0,0xff,0x65
336,0,0xff,0xbd
337,0,0xff,0xfd
338,0,0xff,0xfa
339,0,0xff,0xf9
340,0,0xff,0xd3
341,0,0xff,0x42
342,0,0xff,0x10
343,0,0xff,0xa9
344,0,0xff,0x96
345,0,0xff,0xe0
346,0,0xff,0x44
347,0,0xff,0x1d
348,0,0xff,0xb3
349,0,0xff,0xab
350,0,0xff,0x1e
351,0,0xff,0x88
352,0,0xff,0x23
353,0,0xff,0xc8
354,0,0xff,0x82
355,0,0xff,0x17
356,0,0xff,0xe8
357,0,0xff,0x3e
358,0,0xff,0xeb
359,0,0xff,0xfa
360,0,0xff,0x66
361,0,0xff,0x78
362,0,0xff,0x89
363,0,0xff,0xb9
364,0,0xff,0x1f
365,0,0xff,0x39
366,0,0xff,0xd4
367,0,0xff,0xa6
368,0,0xff,0x3c
369,0,0xff,0x37
370,0,0xff,0x4e
371,0,0xff,0x9b
372,0,0xff,0x74
373,0,0xff,0xe4
374,0,0xff,0xbd
375,0,0xff,0x68
376,0,0xff,0x68
377,0,0xff,0xa6
378,0,0xff,0xcc
379,0,0xff,0xf5
380,0,0xff,0x32
381,0,0xff,0x24
382,0,0xff,0x3b
383,0,0xff,0x69
384,0,0xff,0x56
385,0,0xff,0x9c
386,0,0xff,0x10
387,0,0xff,0x10
388,0,0xff,0x62
389,0,0xff,0x44
390,0,0xff,0x4e
391,0,0xff,0x71
392,0,0xff,0xba
393,0,0xff,0x66
394,0,0xff,0x18
395,0,0xff,0xbb
396,0,0xff,0xd0
397,0,0xff,0x45
398,0,0xff,0x2d
399,0,0xff,0x87
400,0,0xff,0xc6
401,0,0xff,0xd8
402,0,0xff,0xbc
403,0,0xff,0x8f
404,0,0xff,0x91
405,0,0xff,0x97
406,0,0xff,0x9e
407,0,0xff,0xdf
408,0,0xff,0x72
409,0,0xff,0x06
410,0,0xff,0xe2
411,0,0xff,0x33
412,0,0xff,0xf4
413,0,0xff,0x3d
414,0,0xff,0x14
415,0,0xff,0xf9
416,0,0xff,0x11
417,0,0xff,0xc3
418,0,0xff,0xc9
419,0,0xff,0x66
420,0,0xff,0x27
421,0,0xff,0xe9
422,0,0xff,0x50
423,0,0xff,0x12
424,0,0xff,0x2e
425,0,0xff,0xfb
426,0,0xff,0x78
427,0,0xff,0x01
428,0,0xff,0x6e
429,0,0xff,0xde
430,0,0xff,0xba
431,0,0xff,0x61
432,0,0xff,0x1f
433,0,0xff,0xff
434,0,0xff,0x45
435,0,0xff,0xbd
436,0,0xff,0x5f
437,0,0xff,0xe7
438,0,0xff,0x90
439,0,0xff,0x47
440,0,0xff,0xa8
441,0,0xff,0xfa
442,0,0xff,0x85
443,0,0xff,0x96
444,0,0xff,0x46
445,0,0xff,0xcd
446,0,0xff,0x4d
447,0,0xff,0xa6
448,0,0xff,0xbc
449,0,0xff,0xa0
450,0,0xff,0xfe
451,0,0xff,0xbc
452,0,0xff,0x32
453,0,0xff,0x83
454,0,0xff,0x08
455,0,0xff,0x14
456,0,0xff,0xdb
457,0,0xff,0xba
458,0,0xff,0x50
459,0,0xff,0x6d
460,0,0xff,0xb2
461,0,0xff,0x85
462,0,0xff,0x47
463,0,0xff,0x25
464,0,0xff,0xb0
465,0,0xff,0x6d
466,0,0xff,0x49
467,0,0xff,0x58
468,0,0xff,0x84
469,0,0xff,0xa0
470,0,0xff,0x1d
471,0,0xff,0x81
472,0,0xff,0xe4
473,0,0xff,0x50
474,0,0xff,0x25
475,0,0xff,0xb8
476,0,0xff,0xf2
477,0,0xff,0x96
478,0,0xff,0x81
479,0,0xff,0xce
480,0,0xff,0xe8
481,0,0xff,0x97
482,0,0xff,0x7c
483,0,0xff,0xb2
484,0,0xff,0x61
485,0,0xff,0xff
486,0,0xff,0x4f
487,0,0xff,0x28
488,0,0xff,0x05
489,0,0xff,0xb0
490,0,0xff,0x19
491,0,0xff,0xfa
492,0,0xff,0x34
493,0,0xff,0x65
494,0,0xff,0x51
495,0,0xff,0x82
496,0,0xff,0x36
497,0,0xff,0xa3
498,0,0xff,0xaf
499,0,0xff,0x88
500,0,0xff,0x55
501,0,0xff,0x4b
502,0,0xff,0x08
503,0,0xff,0xa5
504,0,0xff,0xcc
505,0,0xff,0x80
506,0,0xff,0xac
507,0,0xff,0x65
508,0,0xff,0x02
509,0,0xff,0xf6
510,0,0xff,0xf7
511,0,0xff,0x38
512,0,0xff,0x25
513,0,0xff,0xcf
514,0,0xff,0x3b
515,0,0xff,0x5a
516,0,0xff,0xc3
517,0,0xff,0x3e
518,0,0xff,0xfc
519,0,0xff,0x15
520,0,0xff,0x4f
521,0,0xff,0xec
522,0,0xff,0x80
523,0,0xff,0xeb
524,0,0xff,0x00
525,0,0xff,0xff
526,0,0xff,0xff
527,0,0x40,0xff
528,0,0xff,0xff
529,0,0xff,0xff
530,0,0xff,0x58
531,0,0xff,0x60
532,0,0xff,0x49
533,0,0xff,0x2b
534,0,0xff,0x90
535,0,0xff,0x00
536,0,0x00,0xff
537,0,0xff,0xfe
538,0,0xff,0x67
539,0,0xff,0x5a
540,0,0xff,0xd4
541,0,0xff,0x4e
542,0,0xff,0xee
543,0,0xff,0x84
544,0,0xff,0x36
545,0,0xff,0xbf
546,0,0xff,0xde
547,0,0xff,0x27
548,0,0xff,0x8d
549,0,0xff,0xef
550,0,0xff,0x3f
551,0,0xff,0x59
552,0,0xff,0x0b
553,0,0xff,0xc2
554,0,0xff,0x66
555,0,0xff,0x9e
556,0,0xff,0xe2
557,0,0xff,0x4c
558,0,0xff,0xd7
559,0,0xff,0x93
560,0,0xff,0x30
561,0,0xff,0xc7
562,0,0xff,0x41
563,0,0xff,0xbd
564,0,0xff,0x13
565,0,0xff,0xdb
566,0,0xff,0xce
567,0,0xff,0x17
568,0,0xff,0x00
569,0,0xff,0xdf
570,0,0xff,0x56
571,0,0xff,0x65
572,0,0xff,0x60
573,0,0xff,0xda
574,0,0xff,0xc7
575,0,0xff,0x81
576,0,0xff,0x54
577,0,0xff,0xd1
578,0,0xff,0x06
579,0,0xff,0x48
580,0,0xff,0x7a
581,0,0xff,0xb6
582,0,0xff,0x62
583,0,0xff,0x59
584,0,0xff,0x93
585,0,0xff,0x0a
586,0,0xff,0x36
587,0,0xff,0x5c
588,0,0xff,0x8f
589,0,0xff,0x0a
590,0,0xff,0x8b
591,0,0xff,0xdf
592,0,0xff,0x2f
593,0,0xff,0x46
594,0,0xff,0x04
595,0,0xff,0x1d
596,0,0xff,0xb8
597,0,0xff,0xf6
598,0,0xff,0xdd
599,0,0xff,0x12
600,0,0xff,0x27
601,0,0xff,0xdb
602,0,0xff,0x5a
603,0,0xff,0xe7
604,0,0xff,0xba
605,0,0xff,0xf6
606,0,0xff,0x14
607,0,0xff,0x60
608,0,0xff,0xf9
609,0,0xff,0x5a
610,0,0xff,0xc1
611,0,0xff,0x2c
612,0,0xff,0x72
613,0,0xff,0x13
614,0,0xff,0x39
615,0,0xff,0x7e
616,0,0xff,0xe4
617,0,0xff,0x30
618,0,0xff,0x11
619,0,0xff,0xf9
620,0,0xff,0xc9
621,0,0xff,0xee
622,0,0xff,0xc4
623,0,0xff,0x05
624,0,0xff,0xa7
625,0,0xff,0x75
626,0,0xff,0x0f
627,0,0xff,0x78
628,0,0xff,0x09
629,0,0xff,0x47
630,0,0xff,0x81
631,0,0xff,0xe7
632,0,0xff,0x57
633,0,0xff,0xab
634,0,0xff,0x12
635,0,0xff,0x33
636,0,0xff,0x38
637,0,0xff,0xe0
638,0,0xff,0x85
639,0,0xff,0x42
640,0,0xff,0x49
641,0,0xff,0x5c
642,0,0xff,0x91
643,0,0xff,0xa4
644,0,0xff,0x6f
645,0,0xff,0xbe
646,0,0xff,0x3b
647,0,0xff,0xca
648,0,0xff,0x65
649,0,0xff,0x24
650,0,0xff,0x46
651,0,0xff,0x98
652,0,0xff,0xf3
653,0,0xff,0x45
654,0,0xff,0x0d
655,0,0xff,0x24
656,0,0xff,0x70
657,0,0xff,0xb6
658,0,0xff,0xfe
659,0,0xff,0x16
660,0,0xff,0x12
661,0,0xff,0x2b
662,0,0xff,0x33
663,0,0xff,0x8e
664,0,0xff,0x03
665,0,0xff,0x4b
666,0,0xff,0x8f
667,0,0xff,0xd5
668,0,0xff,0xea
669,0,0xff,0x3e
670,0,0xff,0x42
671,0,0xff,0xef
672,0,0xff,0x85
673,0,0xff,0xb8
674,0,0xff,0xd4
675,0,0xff,0x65
676,0,0xff,0x90
677,0,0xff,0x86
678,0,0xff,0x92
679,0,0xff,0xca
680,0,0xff,0x56
681,0,0xff,0xfa
682,0,0xff,0xe0
683,0,0xff,0x3e
684,0,0xff,0xc6
685,0,0xff,0xda
686,0,0xff,0x2a
687,0,0xff,0x50
688,0,0xff,0x7b
689,0,0xff,0x18
690,0,0xff,0xc8
691,0,0xff,0x2e
692,0,0xff,0x32
693,0,0xff,0x92
694,0,0xff,0xaf
695,0,0xff,0xe2
696,0,0xff,0xdc
697,0,0xff,0x94
698,0,0xff,0xe2
699,0,0xff,0xe3
700,0,0xff,0xe0
701,0,0xff,0x9f
702,0,0xff,0x50
703,0,0xff,0x11
704,0,0xff,0x34
705,0,0xff,0xa8
706,0,0xff,0xcd
707,0,0xff,0xb6
708,0,0xff,0x3f
709,0,0xff,0xdd
710,0,0xff,0xa4
711,0,0xff,0xd5
712,0,0xff,0x8a
713,0,0xff,0x66
714,0,0xff,0xd0
715,0,0xff,0x3c
716,0,0xff,0x45
717,0,0xff,0xb6
718,0,0xff,0xaa
719,0,0xff,0xf5
720,0,0xff,0x61
721,0,0xff,0xb3
722,0,0xff,0x5d
723,0,0xff,0x23
724,0,0xff,0xb0
725,0,0xff,0xe5
726,0,0xff,0x71
727,0,0xff,0xd8
728,0,0xff,0x3b
729,0,0xff,0x6c
730,0,0xff,0x21
731,0,0xff,0x72
732,0,0xff,0xd1
733,0,0xff,0x64
734,0,0xff,0x49
735,0,0xff,0x74
736,0,0xff,0xcb
737,0,0xff,0xdf
738,0,0xff,0x34
739,0,0xff,0x02
740,0,0xff,0x31
741,0,0xff,0xc7
742,0,0xff,0x34
743,0,0xff,0x9c
744,0,0xff,0x21
745,0,0xff,0x45
746,0,0xff,0xbc
747,0,0xff,0x66
748,0,0xff,0x3a
749,0,0xff,0x0e
750,0,0xff,0xdb
751,0,0xff,0xee
752,0,0xff,0x1c
753,0,0xff,0xca
754,0,0xff,0x05
755,0,0xff,0x1c
756,0,0xff,0x31
757,0,0xff,0x5d
758,0,0xff,0xd2
759,0,0xff,0x3a
760,0,0xff,0x86
761,0,0xff,0xeb
762,0,0xff,0xad
763,0,0xff,0x20
764,0,0xff,0x08
765,0,0xff,0x38
766,0,0xff,0xa9
767,0,0xff,0x56
768,0,0xff,0x2a
769,0,0xff,0xb2
770,0,0xff,0xdf
771,0,0xff,0x1d
772,0,0xff,0xaf
773,0,0xff,0x95
774,0,0xff,0x40
775,0,0xff,0x5a
776,0,0xff,0x10
777,0,0xff,0x34
778,0,0xff,0x5c
779,0,0xff,0xc2
780,0,0xff,0xfe
781,0,0xff,0x0a
782,0,0xff,0xf9
783,0,0xff,0x4d
784,0,0xff,0x12
785,0,0xff,0xf4
786,0,0xff,0x31
787,0,0xff,0xb3
788,0,0xff,0xc9
789,0,0xff,0x3a
790,0,0xff,0x59
791,0,0xff,0x6f
792,0,0xff,0xea
793,0,0xff,0x1c
794,0,0xff,0x43
795,0,0xff,0x14
796,0,0xff,0x77
797,0,0xff,0xda
798,0,0xff,0xd1
799,0,0xff,0xa4
800,0,0xff,0x67
801,0,0xff,0x2a
802,0,0xff,0x60
803,0,0xff,0x04
804,0,0xff,0xda
805,0,0xff,0x32
806,0,0xff,0x70
807,0,0xff,0x76
808,0,0xff,0x83
809,0,0xff,0x0c
810,0,0xff,0x5a
811,0,0xff,0x05
812,0,0xff,0x44
813,0,0xff,0x65
814,0,0xff,0xf1
815,0,0xff,0x7e
816,0,0xff,0x09
817,0,0xff,0x09
818,0,0xff,0xd3
819,0,0xff,0x0f
820,0,0xff,0x7a
821,0,0xff,0xc2
822,0,0xff,0x0b
823,0,0xff,0x4b
824,0,0xff,0xed
825,0,0xff,0x0e
826,0,0xff,0xc6
827,0,0xff,0xb0
828,0,0xff,0xc9
829,0,0xff,0x11
830,0,0xff,0x86
831,0,0xff,0xff
832,0,0xff,0x3d
833,0,0xff,0x3e
834,0,0xff,0x62
835,0,0xff,0x55
836,0,0xff,0x7a
837,0,0xff,0xfc
838,0,0xff,0x2e
839,0,0xff,0x2a
840,0,0xff,0xbb
841,0,0xff,0xe6
842,0,0xff,0x0a
843,0,0xff,0xac
844,0,0xff,0xec
845,0,0xff,0x92
846,0,0xff,0x6a
847,0,0xff,0x12
848,0,0xff,0xf1
849,0,0xff,0x61
850,0,0xff,0x1a
851,0,0xff,0x1e
852,0,0xff,0x6f
853,0,0xff,0x84
854,0,0xff,0x3d
855,0,0xff,0xc3
856,0,0xff,0xa4
857,0,0xff,0xf8
858,0,0xff,0xbb
859,0,0xff,0x9d
860,0,0xff,0x8d
861,0,0xff,0x65
862,0,0xff,0xbd
863,0,0xff,0xfd
864,0,0xff,0xfa
865,0,0xff,0xf9
866,0,0xff,0xd3
867,0,0xff,0x42
868,0,0xff,0x10
869,0,0xff,0xa9
870,0,0xff,0x96
871,0,0xff,0xe0
872,0,0xff,0x44
873,0,0xff,0x1d
874,0,0xff,0xb3
875,0,0xff,0xab
876,0,0xff,0x1e
877,0,0xff,0x88
878,0,0xff,0x23
879,0,0xff,0xc8
880,0,0xff,0x82
881,0,0xff,0x17
882,0,0xff,0xe8
883,0,0xff,0x3e
884,0,0xff,0xeb
885,0,0xff,0xfa
886,0,0xff,0x66
887,0,0xff,0x78
888,0,0xff,0x89
889,0,0xff,0xb9
890,0,0xff,0x1f
891,0,0xff,0x39
892,0,0xff,0xd4
893,0,0xff,0xa6
894,0,0xff,0x3c
895,0,0xff,0x37
896,0,0xff,0x4e
897,0,0xff,0x9b
898,0,0xff,0x74
899,0,0xff,0xe4
900,0,0xff,0xbd
901,0,0xff,0x68
902,0,0xff,0x68
903,0,0xff,0xa6
904,0,0xff,0xcc
905,0,0xff,0xf5
906,0,0xff,0x32
907,0,0xff,0x24
908,0,0xff,0x3b
909,0,0xff,0x69
910,0,0xff,0x56
911,0,0xff,0x9c
912,0,0xff,0x10
913,0,0xff,0x10
914,0,0xff,0x62
915,0,0xff,0x44
916,0,0xff,0x4e
917,0,0xff,0x71
918,0,0xff,0xba
919,0,0xff,0x66
920,0,0xff,0x18
921,0,0xff,0xbb
922,0,0xff,0xd0
923,0,0xff,0x45
924,0,0xff,0x2d
925,0,0xff,0x87
926,0,0xff,0xc6
927,0,0xff,0xd8
928,0,0xff,0xbc
929,0,0xff,0x8f
930,0,0xff,0x91
931,0,0xff,0x97
932,0,0xff,0x9e
933,0,0xff,0xdf
934,0,0xff,0x72
935,0,0xff,0x06
936,0,0xff,0xe2
937,0,0xff,0x33
938,0,0xff,0xf4
939,0,0xff,0x3d
940,0,0xff,0x14
941,0,0xff,0xf9
942,0,0xff,0x11
943,0,0xff,0xc3
944,0,0xff,0xc9
945,0,0xff,0x66
946,0,0xff,0x27
947,0,0xff,0xe9
948,0,0xff,0x50
949,0,0xff,0x12
950,0,0xff,0x2e
951,0,0xff,0xfb
952,0,0xff,0x78
953,0,0xff,0x01
954,0,0xff,0x6e
955,0,0xff,0xde
956,0,0xff,0xba
957,0,0xff,0x61
958,0,0xff,0x1f
959,0,0xff,0xff
960,0,0xff,0x45
961,0,0xff,0xbd
962,0,0xff,0x5f
963,0,0xff,0xe7
964,0,0xff,0x90
965,0,0xff,0x47
966,0,0xff,0xa8
967,0,0xff,0xfa
968,0,0xff,0x85
969,0,0xff,0x96
970,0,0xff,0x46
971,0,0xff,0xcd
972,0,0xff,0x4d
973,0,0xff,0xa6
974,0,0xff,0xbc
975,0,0xff,0xa0
976,0,0xff,0xfe
977,0,0xff,0xbc
978,0,0xff,0x32
979,0,0xff,0x83
980,0,0xff,0x08
981,0,0xff,0x14
982,0,0xff,0xdb
983,0,0xff,0xba
984,0,0xff,0x50
985,0,0xff,0x6d
986,0,0xff,0xb2
987,0,0xff,0x85
988,0,0xff,0x47
989,0,0xff,0x25
990,0,0xff,0xb0
991,0,0xff,0x6d
992,0,0xff,0x49
993,0,0xff,0x58
994,0,0xff,0x84
995,0,0xff,0xa0
996,0,0xff,0x1d
997,0,0xff,0x81
998,0,0xff,0xe4
999,0,0xff,0x50
1000,0,0xff,0x25
1001,0,0xff,0xb8
1002,0,0xff,0xf2
1003,0,0xff,0x96
1004,0,0xff,0x81
1005,0,0xff,0xce
1006,0,0xff,0xe8
1007,0,0xff,0x97
1008,0,0xff,0x7c
1009,0,0xff,0xb2
1010,0,0xff,0x61
1011,0,0xff,0xff
1012,0,0xff,0x4f
1013,0,0xff,0x28
1014,0,0xff,0x05
1015,0,0xff,0xb0
1016,0,0xff,0x19
1017,0,0xff,0xfa
1018,0,0xff,0x34
1019,0,0xff,0x65
1020,0,0xff,0x51
1021,0,0xff,0x82
1022,0,0xff,0x36
1023,0,0xff,0xa3
1024,0,0xff,0xaf
1025,0,0xff,0x88
1026,0,0xff,0x55
1027,0,0xff,0x4b
1028,0,0xff,0x08
1029,0,0xff,0xa5
1030,0,0xff,0xcc
1031,0,0xff,0x80
1032,0,0xff,0xac
1033,0,0xff,0x65
1034,0,0xff,0x02
1035,0,0xff,0xf6
1036,0,0xff,0xf7
1037,0,0xff,0x38
1038,0,0xff,0x25
1039,0,0xff,0xcf
1040,0,0xff,0x3b
1041,0,0xff,0x5a
1042,0,0xff,0xc3
1043,0,0xff,0x3e
1044,0,0xff,0xfc
1045,0,0xff,0x15
1046,0,0xff,0x4f
1047,0,0xff,0xec
1048,0,0xff,0x80
1049,0,0xff,0xeb
1050,0,0xff,0x00
1051,0,0xff,0xff
1052,0,0xff,0xff
1053,0,0x40,0xff
1054,0,0xff,0xff
1055,0,0xff,0xff
1056,0,0xff,0x58
1057,0,0xff,0x8b
1058,0,0xff,0x66
1059,0,0xff,0x0b
1060,0,0xff,0xa1
1061,0,0xff,0x00
1062,0,0xff,0xff
1063,0,0xff,0xff
1064,0,0x00,0xff
1065,0,0xff,0xff
1066,0,0xff,0xfe
1067,0,0xff,0x67
1068,0,0xff,0x5a
1069,0,0xff,0xd4
1070,0,0xff,0x4e
1071,0,0xff,0xee
1072,0,0xff,0x84
1073,0,0xff,0x36
1074,0,0xff,0xbf
1075,0,0xff,0xde
1076,0,0xff,0x27
1077,0,0xff,0x8d
1078,0,0xff,0xef
1079,0,0xff,0x3f
1080,0,0xff,0x59
1081,0,0xff,0x0b
1082,0,0xff,0xc2
1083,0,0xff,0x66
1084,0,0xff,0x9e
1085,0,0xff,0xe2
1086,0,0xff,0x4c
1087,0,0xff,0xd7
1088,0,0xff,0x93
1089,0,0xff,0x30
1090,0,0xff,0xc7
1091,0,0xff,0x41
1092,0,0xff,0xbd
1093,0,0xff,0x13
1094,0,0xff,0xdb
1095,0,0xff,0xce
1096,0,0xff,0x17
1097,0,0xff,0x00
1098,0,0xff,0xdf
1099,0,0xff,0x56
1100,0,0xff,0x65
1101,0,0xff,0x60
1102,0,0xff,0xda
1103,0,0xff,0xc7
1104,0,0xff,0x81
1105,0,0xff,0x54
1106,0,0xff,0xd1
1107,0,0xff,0x06
1108,0,0xff,0x48
1109,0,0xff,0x7a
1110,0,0xff,0xb6
1111,0,0xff,0x62
1112,0,0xff,0x59
1113,0,0xff,0x93
1114,0,0xff,0x0a
1115,0,0xff,0x36
1116,0,0xff,0x5c
1117,0,0xff,0x8f
1118,0,0xff,0x0a
1119,0,0xff,0x8b
1120,0,0xff,0xdf
1121,0,0xff,0x2f
1122,0,0xff,0x46
1123,0,0xff,0x04
1124,0,0xff,0x1d
1125,0,0xff,0xb8
1126,0,0xff,0xf6
1127,0,0xff,0xdd
1128,0,0xff,0x12
1129,0,0xff,0x27
1130,0,0xff,0xdb
1131,0,0xff,0x5a
1132,0,0xff,0xe7
1133,0,0xff,0xba
1134,0,0xff,0xf6
1135,0,0xff,0x14
1136,0,0xff,0x60
1137,0,0xff,0xf9
1138,0,0xff,0x5a
1139,0,0xff,0xc1
1140,0,0xff,0x2c
1141,0,0xff,0x72
1142,0,0xff,0x13
1143,0,0xff,0x39
1144,0,0xff,0x7e
1145,0,0xff,0xe4
1146,0,0xff,0x30
1147,0,0xff,0x11
1148,0,0xff,0xf9
1149,0,0xff,0xc9
1150,0,0xff,0xee
1151,0,0xff,0xc4
1152,0,0xff,0x05
1153,0,0xff,0xa7
1154,0,0xff,0x75
1155,0,0xff,0x0f
1156,0,0xff,0x78
1157,0,0xff,0x09
1158,0,0xff,0x47
1159,0,0xff,0x81
1160,0,0xff,0xe7
1161,0,0xff,0x57
1162,0,0xff,0xab
1163,0,0xff,0x12
1164,0,0xff,0x33
1165,0,0xff,0x38
1166,0,0xff,0xe0
1167,0,0xff,0x85
1168,0,0xff,0x42
1169,0,0xff,0x49
1170,0,0xff,0x5c
1171,0,0xff,0x91
1172,0,0xff,0xa4
1173,0,0xff,0x6f
1174,0,0xff,0xbe
1175,0,0xff,0x3b
1176,0,0xff,0xca
1177,0,0xff,0x65
1178,0,0xff,0x24
1179,0,0xff,0x46
1180,0,0xff,0x98
1181,0,0xff,0xf3
1182,0,0xff,0x45
1183,0,0xff,0x0d
1184,0,0xff,0x24
1185,0,0xff,0x70
1186,0,0xff,0xb6
1187,0,0xff,0xfe
1188,0,0xff,0x16
1189,0,0xff,0x12
1190,0,0xff,0x2b
1191,0,0xff,0x33
1192,0,0xff,0x8e
1193,0,0xff,0x03
1194,0,0xff,0x4b
1195,0,0xff,0x8f
1196,0,0xff,0xd5
1197,0,0xff,0xea
1198,0,0xff,0x3e
1199,0,0xff,0x42
1200,0,0xff,0xef
1201,0,0xff,0x85
1202,0,0xff,0xb8
1203,0,0xff,0xd4
1204,0,0xff,0x65
1205,0,0xff,0x90
1206,0,0xff,0x86
1207,0,0xff,0x92
1208,0,0xff,0xca
1209,0,0xff,0x56
1210,0,0xff,0xfa
1211,0,0xff,0xe0
1212,0,0xff,0x3e
1213,0,0xff,0xc6
1214,0,0xff,0xda
1215,0,0xff,0x2a
1216,0,0xff,0x50
1217,0,0xff,0x7b
1218,0,0xff,0x18
1219,0,0xff,0xc8
1220,0,0xff,0x2e
1221,0,0xff,0x32
1222,0,0xff,0x92
1223,0,0xff,0xaf
1224,0,0xff,0xe2
1225,0,0xff,0xdc
1226,0,0xff,0x94
1227,0,0xff,0xe2
1228,0,0xff,0xe3
1229,0,0xff,0xe0
1230,0,0xff,0x9f
1231,0,0xff,0x50
1232,0,0xff,0x11
1233,0,0xff,0x34
1234,0,0xff,0xa8
1235,0,0xff,0xcd
1236,0,0xff,0xb6
1237,0,0xff,0x3f
1238,0,0xff,0xdd
1239,0,0xff,0xa4
1240,0,0xff,0xd5
1241,0,0xff,0x8a
1242,0,0xff,0x66
1243,0,0xff,0xd0
1244,0,0xff,0x3c
1245,0,0xff,0x45
1246,0,0xff,0xb6
1247,0,0xff,0xaa
1248,0,0xff,0xf5
1249,0,0xff,0x61
1250,0,0xff,0xb3
1251,0,0xff,0x5d
1252,0,0xff,0x23
1253,0,0xff,0xb0
1254,0,0xff,0xe5
1255,0,0xff,0x71
1256,0,0xff,0xd8
1257,0,0xff,0x3b
1258,0,0xff,0x6c
1259,0,0xff,0x21
1260,0,0xff,0x72
1261,0,0xff,0xd1
1262,0,0xff,0x64
1263,0,0xff,0x49
1264,0,0xff,0x74
1265,0,0xff,0xcb
1266,0,0xff,0xdf
1267,0,0xff,0x34
1268,0,0xff,0x02
1269,0,0xff,0x31
1270,0,0xff,0xc7
1271,0,0xff,0x34
1272,0,0xff,0x9c
1273,0,0xff,0x21
1274,0,0xff,0x45
1275,0,0xff,0xbc
1276,0,0xff,0x66
1277,0,0xff,0x3a
1278,0,0xff,0x0e
1279,0,0xff,0xdb
1280,0,0xff,0xee
1281,0,0xff,0x1c
1282,0,0xff,0xca
1283,0,0xff,0x05
1284,0,0xff,0x1c
1285,0,0xff,0x31
1286,0,0xff,0x5d
1287,0,0xff,0xd2
1288,0,0xff,0x3a
1289,0,0xff,0x86
1290,0,0xff,0xeb
1291,0,0xff,0xad
1292,0,0xff,0x20
1293,0,0xff,0x08
1294,0,0xff,0x38
1295,0,0xff,0xa9
1296,0,0xff,0x56
1297,0,0xff,0x2a
1298,0,0xff,0xb2
1299,0,0xff,0xdf
1300,0,0xff,0x1d
1301,0,0xff,0xaf
1302,0,0xff,0x95
1303,0,0xff,0x40
1304,0,0xff,0x5a
1305,0,0xff,0x10
1306,0,0xff,0x34
1307,0,0xff,0x5c
1308,0,0xff,0xc2
1309,0,0xff,0xfe
1310,0,0xff,0x0a
1311,0,0xff,0xf9
1312,0,0xff,0x4d
1313,0,0xff,0x12
1314,0,0xff,0xf4
1315,0,0xff,0x31
1316,0,0xff,0xb3
1317,0,0xff,0xc9
1318,0,0xff,0x3a
1319,0,0xff,0x59
1320,0,0xff,0x6f
1321,0,0xff,0xea
1322,0,0xff,0x1c
1323,0,0xff,0x43
1324,0,0xff,0x14
1325,0,0xff,0x77
1326,0,0xff,0xda
1327,0,0xff,0xd1
1328,0,0xff,0xa4
1329,0,0xff,0x67
1330,0,0xff,0x2a
1331,0,0xff,0x60
1332,0,0xff,0x04
1333,0,0xff,0xda
1334,0,0xff,0x32
1335,0,0xff,0x70
1336,0,0xff,0x76
1337,0,0xff,0x83
1338,0,0xff,0x0c
1339,0,0xff,0x5a
1340,0,0xff,0x05
1341,0,0xff,0x44
1342,0,0xff,0x65
1343,0,0xff,0xf1
1344,0,0xff,0x7e
1345,0,0xff,0x09
1346,0,0xff,0x09
1347,0,0xff,0xd3
1348,0,0xff,0x0f
1349,0,0xff,0x7a
1350,0,0xff,0xc2
1351,0,0xff,0x0b
1352,0,0xff,0x4b
1353,0,0xff,0xed
1354,0,0xff,0x0e
1355,0,0xff,0xc6
1356,0,0xff,0xb0
1357,0,0xff,0xc9
1358,0,0xff,0x11
1359,0,0xff,0x86
1360,0,0xff,0xff
1361,0,0xff,0x3d
1362,0,0xff,0x3e
1363,0,0xff,0x62
1364,0,0xff,0x55
1365,0,0xff,0x7a
1366,0,0xff,0xfc
1367,0,0xff,0x2e
1368,0,0xff,0x2a
1369,0,0xff,0xbb
1370,0,0xff,0xe6
1371,0,0xff,0x0a
1372,0,0xff,0xac
1373,0,0xff,0xec
1374,0,0xff,0x92
1375,0,0xff,0x6a
1376,0,0xff,0x12
1377,0,0xff,0xf1
1378,0,0xff,0x61
1379,0,0xff,0x1a
1380,0,0xff,0x1e
1381,0,0xff,0x6f
1382,0,0xff,0x84
1383,0,0xff,0x3d
1384,0,0xff,0xc3
1385,0,0xff,0xa4
1386,0,0xff,0xf8
1387,0,0xff,0xbb
1388,0,0xff,0x9d
1389,0,0xff,0x8d
1390,0,0xff,0x65
1391,0,0xff,0xbd
1392,0,0xff,0xfd
1393,0,0xff,0xfa
1394,0,0xff,0xf9
1395,0,0xff,0xd3
1396,0,0xff,0x42
1397,0,0xff,0x10
1398,0,0xff,0xa9
1399,0,0xff,0x96
1400,0,0xff,0xe0
1401,0,0xff,0x44
1402,0,0xff,0x1d
1403,0,0xff,0xb3
1404,0,0xff,0xab
1405,0,0xff,0x1e
1406,0,0xff,0x88
1407,0,0xff,0x23
1408,0,0xff,0xc8
1409,0,0xff,0x82
1410,0,0xff,0x17
1411,0,0xff,0xe8
1412,0,0xff,0x3e
1413,0,0xff,0xeb
1414,0,0xff,0xfa
1415,0,0xff,0x66
1416,0,0xff,0x78
1417,0,0xff,0x89
1418,0,0xff,0xb9
1419,0,0xff,0x1f
1420,0,0xff,0x39
1421,0,0xff,0xd4
1422,0,0xff,0xa6
1423,0,0xff,0x3c
1424,0,0xff,0x37
1425,0,0xff,0x4e
1426,0,0xff,0x9b
1427,0,0xff,0x74
1428,0,0xff,0xe4
1429,0,0xff,0xbd
1430,0,0xff,0x68
1431,0,0xff,0x68
1432,0,0xff,0xa6
1433,0,0xff,0xcc
1434,0,0xff,0xf5
1435,0,0xff,0x32
1436,0,0xff,0x24
1437,0,0xff,0x3b
1438,0,0xff,0x69
1439,0,0xff,0x56
1440,0,0xff,0x9c
1441,0,0xff,0x10
1442,0,0xff,0x10
1443,0,0xff,0x62
1444,0,0xff,0x44
1445,0,0xff,0x4e
1446,0,0xff,0x71
1447,0,0xff,0xba
1448,0,0xff,0x66
1449,0,0xff,0x18
1450,0,0xff,0xbb
1451,0,0xff,0xd0
1452,0,0xff,0x45
1453,0,0xff,0x2d
1454,0,0xff,0x87
1455,0,0xff,0xc6
1456,0,0xff,0xd8
1457,0,0xff,0xbc
1458,0,0xff,0x8f
1459,0,0xff,0x91
1460,0,0xff,0x97
1461,0,0xff,0x9e
1462,0,0xff,0xdf
1463,0,0xff,0x72
1464,0,0xff,0x06
1465,0,0xff,0xe2
1466,0,0xff,0x33
1467,0,0xff,0xf4
1468,0,0xff,0x3d
1469,0,0xff,0x14
1470,0,0xff,0xf9
1471,0,0xff,0x11
1472,0,0xff,0xc3
1473,0,0xff,0xc9
1474,0,0xff,0x66
1475,0,0xff,0x27
1476,0,0xff,0xe9
1477,0,0xff,0x50
1478,0,0xff,0x12
1479,0,0xff,0x2e
1480,0,0xff,0xfb
1481,0,0xff,0x78
1482,0,0xff,0x01
1483,0,0xff,0x6e
1484,0,0xff,0xde
1485,0,0xff,0xba
1486,0,0xff,0x61
1487,0,0xff,0x1f
1488,0,0xff,0xff
1489,0,0xff,0x45
1490,0,0xff,0xbd
1491,0,0xff,0x5f
1492,0,0xff,0xe7
1493,0,0xff,0x90
1494,0,0xff,0x47
1495,0,0xff,0xa8
1496,0,0xff,0xfa
1497,0,0xff,0x85
1498,0,0xff,0x96
1499,0,0xff,0x46
1500,0,0xff,0xcd
1501,0,0xff,0x4d
1502,0,0xff,0xa6
1503,0,0xff,0xbc
1504,0,0xff,0xa0
1505,0,0xff,0xfe
1506,0,0xff,0xbc
1507,0,0xff,0x32
1508,0,0xff,0x83
1509,0,0xff,0x08
1510,0,0xff,0x14
1511,0,0xff,0xdb
1512,0,0xff,0xba
1513,0,0xff,0x50
1514,0,0xff,0x6d
1515,0,0xff,0xb2
1516,0,0xff,0x85
1517,0,0xff,0x47
1518,0,0xff,0x25
1519,0,0xff,0xb0
1520,0,0xff,0x6d
1521,0,0xff,0x49
1522,0,0xff,0x58
1523,0,0xff,0x84
1524,0,0xff,0xa0
1525,0,0xff,0x1d
1526,0,0xff,0x81
1527,0,0xff,0xe4
1528,0,0xff,0x50
1529,0,0xff,0x25
1530,0,0xff,0xb8
1531,0,0xff,0xf2
1532,0,0xff,0x96
1533,0,0xff,0x81
1534,0,0xff,0xce
1535,0,0xff,0xe8
1536,0,0xff,0x97
1537,0,0xff,0x7c
1538,0,0xff,0xb2
1539,0,0xff,0x61
1540,0,0xff,0xff
1541,0,0xff,0x4f
1542,0,0xff,0x28
1543,0,0xff,0x05
1544,0,0xff,0xb0
1545,0,0xff,0x19
1546,0,0xff,0xfa
1547,0,0xff,0x34
1548,0,0xff,0x65
1549,0,0xff,0x51
1550,0,0xff,0x82
1551,0,0xff,0x36
1552,0,0xff,0xa3
1553,0,0xff,0xaf
1554,0,0xff,0x88
1555,0,0xff,0x55
1556,0,0xff,0x4b
1557,0,0xff,0x08
1558,0,0xff,0xa5
1559,0,0xff,0xcc
1560,0,0xff,0x80
1561,0,0xff,0xac
1562,0,0xff,0x65
1563,0,0xff,0x02
1564,0,0xff,0xf6
1565,0,0xff,0xf7
1566,0,0xff,0x38
1567,0,0xff,0x25
1568,0,0xff,0xcf
1569,0,0xff,0x3b
1570,0,0xff,0x5a
1571,0,0xff,0xc3
1572,0,0xff,0x3e
1573,0,0xff,0xfc
1574,0,0xff,0x15
1575,0,0xff,0x4f
1576,0,0xff,0xec
1577,0,0xff,0x80
1578,0,0xff,0xeb
1579,0,0xff,0x00
1580,0,0xff,0xff
1581,0,0x40,0xff
1582,0,0xff,0xff
1583,0,0xff,0xff
1584,0,0xff,0x58
1585,0,0xff,0x4c
1586,0,0xff,0x3b
1587,0,0xff,0x02
1588,0,0xff,0x6c
1589,0,0xff,0x00
1590,0,0xff,0xff
1591,0,0xff,0xff
1592,0,0x00,0xff
1593,0,0xff,0xff
1594,0,0xff,0xfe
1595,0,0xff,0x67
1596,0,0xff,0x5a
1597,0,0xff,0xd4
1598,0,0xff,0x4e
1599,0,0xff,0xee
1600,0,0xff,0x84
1601,0,0xff,0x36
1602,0,0xff,0xbf
1603,0,0xff,0xde
1604,0,0xff,0x27
1605,0,0xff,0x8d
1606,0,0xff,0xef
1607,0,0xff,0x3f
1608,0,0xff,0x59
1609,0,0xff,0x0b
1610,0,0xff,0xc2
1611,0,0xff,0x66
1612,0,0xff,0x9e
1613,0,0xff,0xe2
1614,0,0xff,0x4c
1615,0,0xff,0xd7
1616,0,0xff,0x93
1617,0,0xff,0x30
1618,0,0xff,0xc7
1619,0,0xff,0x41
1620,0,0xff,0xbd
1621,0,0xff,0x13
1622,0,0xff,0xdb
1623,0,0xff,0xce
1624,0,0xff,0x17
1625,0,0xff,0x00
1626,0,0xff,0xdf
1627,0,0xff,0x56
1628,0,0xff,0x65
1629,0,0xff,0x60
1630,0,0xff,0xda
1631,0,0xff,0xc7
1632,0,0xff,0x81
1633,0,0xff,0x54
1634,0,0xff,0xd1
1635,0,0xff,0x06
1636,0,0xff,0x48
1637,0,0xff,0x7a
1638,0,0xff,0xb6
1639,0,0xff,0x62
1640,0,0xff,0x59
1641,0,0xff,0x93
1642,0,0xff,0x0a
1643,0,0xff,0x36
1644,0,0xff,0x5c
1645,0,0xff,0x8f
1646,0,0xff,0x0a
1647,0,0xff,0x8b
1648,0,0xff,0xdf
1649,0,0xff,0x2f
1650,0,0xff,0x46
1651,0,0xff,0x04
1652,0,0xff,0x1d
1653,0,0xff,0xb8
1654,0,0xff,0xf6
1655,0,0xff,0xdd
1656,0,0xff,0x12
1657,0,0xff,0x27
1658,0,0xff,0xdb
1659,0,0xff,0x5a
1660,0,0xff,0xe7
1661,0,0xff,0xba
1662,0,0xff,0xf6
1663,0,0xff,0x14
1664,0,0xff,0x60
1665,0,0xff,0xf9
1666,0,0xff,0x5a
1667,0,0xff,0xc1
1668,0,0xff,0x2c
1669,0,0xff,0x72
1670,0,0xff,0x13
1671,0,0xff,0x39
1672,0,0xff,0x7e
1673,0,0xff,0xe4
1674,0,0xff,0x30
1675,0,0xff,0x11
1676,0,0xff,0xf9
1677,0,0xff,0xc9
1678,0,0xff,0xee
1679,0,0xff,0xc4
1680,0,0xff,0x05
1681,0,0xff,0xa7
1682,0,0xff,0x75
1683,0,0xff,0x0f
1684,0,0xff,0x78
1685,0,0xff,0x09
1686,0,0xff,0x47
1687,0,0xff,0x81
1688,0,0xff,0xe7
1689,0,0xff,0x57
1690,0,0xff,0xab
1691,0,0xff,0x12
1692,0,0xff,0x33
1693,0,0xff,0x38
1694,0,0xff,0xe0
1695,0,0xff,0x85
1696,0,0xff,0x42
1697,0,0xff,0x49
1698,0,0xff,0x5c
1699,0,0xff,0x91
1700,0,0xff,0xa4
1701,0,0xff,0x6f
1702,0,0xff,0xbe
1703,0,0xff,0x3b
1704,0,0xff,0xca
1705,0,0xff,0x65
1706,0,0xff,0x24
1707,0,0xff,0x46
1708,0,0xff,0x98
1709,0,0xff,0xf3
1710,0,0xff,0x45
1711,0,0xff,0x0d
1712,0,0xff,0x24
1713,0,0xff,0x70
1714,0,0xff,0xb6
1715,0,0xff,0xfe
1716,0,0xff,0x16
1717,0,0xff,0x12
1718,0,0xff,0x2b
1719,0,0xff,0x33
1720,0,0xff,0x8e
1721,0,0xff,0x03
1722,0,0xff,0x4b
1723,0,0xff,0x8f
1724,0,0xff,0xd5
1725,0,0xff,0xea
1726,0,0xff,0x3e
1727,0,0xff,0x42
1728,0,0xff,0xef
1729,0,0xff,0x85
1730,0,0xff,0xb8
1731,0,0xff,0xd4
1732,0,0xff,0x65
1733,0,0xff,0x90
1734,0,0xff,0x86
1735,0,0xff,0x92
1736,0,0xff,0xca
1737,0,0xff,0x56
1738,0,0xff,0xfa
1739,0,0xff,0xe0
1740,0,0xff,0x3e
1741,0,0xff,0xc6
1742,0,0xff,0xda
1743,0,0xff,0x2a
1744,0,0xff,0x50
1745,0,0xff,0x7b
1746,0,0xff,0x18
1747,0,0xff,0xc8
1748,0,0xff,0x2e
1749,0,0xff,0x32
1750,0,0xff,0x92
1751,0,0xff,0xaf
1752,0,0xff,0xe2
1753,0,0xff,0xdc
1754,0,0xff,0x94
1755,0,0xff,0xe2
1756,0,0xff,0xe3
1757,0,0xff,0xe0
1758,0,0xff,0x9f
1759,0,0xff,0x50
1760,0,0xff,0x11
1761,0,0xff,0x34
1762,0,0xff,0xa8
1763,0,0xff,0xcd
1764,0,0xff,0xb6
1765,0,0xff,0x3f
1766,0,0xff,0xdd
1767,0,0xff,0xa4
1768,0,0xff,0xd5
1769,0,0xff,0x8a
1770,0,0xff,0x66
1771,0,0xff,0xd0
1772,0,0xff,0x3c
1773,0,0xff,0x45
1774,0,0xff,0xb6
1775,0,0xff,0xaa
1776,0,0xff,0xf5
1777,0,0xff,0x61
1778,0,0xff,0xb3
1779,0,0xff,0x5d
1780,0,0xff,0x23
1781,0,0xff,0xb0
1782,0,0xff,0xe5
1783,0,0xff,0x71
1784,0,0xff,0xd8
1785,0,0xff,0x3b
1786,0,0xff,0x6c
1787,0,0xff,0x21
1788,0,0xff,0x72
1789,0,0xff,0xd1
1790,0,0xff,0x64
1791,0,0xff,0x49
1792,0,0xff,0x74
1793,0,0xff,0xcb
1794,0,0xff,0xdf
1795,0,0xff,0x34
1796,0,0xff,0x02
1797,0,0xff,0x31
1798,0,0xff,0xc7
1799,0,0xff,0x34
1800,0,0xff,0x9c
1801,0,0xff,0x21
1802,0,0xff,0x45
1803,0,0xff,0xbc
1804,0,0xff,0x66
1805,0,0xff,0x3a
1806,0,0xff,0x0e
1807,0,0xff,0xdb
1808,0,0xff,0xee
1809,0,0xff,0x1c
1810,0,0xff,0xca
1811,0,0xff,0x05
1812,0,0xff,0x1c
1813,0,0xff,0x31
1814,0,0xff,0x5d
1815,0,0xff,0xd2
1816,0,0xff,0x3a
1817,0,0xff,0x86
1818,0,0xff,0xeb
1819,0,0xff,0xad
1820,0,0xff,0x20
1821,0,0xff,0x08
1822,0,0xff,0x38
1823,0,0xff,0xa9
1824,0,0xff,0x56
1825,0,0xff,0x2a
1826,0,0xff,0xb2
1827,0,0xff,0xdf
1828,0,0xff,0x1d
1829,0,0xff,0xaf
1830,0,0xff,0x95
1831,0,0xff,0x40
1832,0,0xff,0x5a
1833,0,0xff,0x10
1834,0,0xff,0x34
1835,0,0xff,0x5c
1836,0,0xff,0xc2
1837,0,0xff,0xfe
1838,0,0xff,0x0a
1839,0,0xff,0xf9
1840,0,0xff,0x4d
1841,0,0xff,0x12
1842,0,0xff,0xf4
1843,0,0xff,0x31
1844,0,0xff,0xb3
1845,0,0xff,0xc9
1846,0,0xff,0x3a
1847,0,0xff,0x59
1848,0,0xff,0x6f
1849,0,0xff,0xea
1850,0,0xff,0x1c
1851,0,0xff,0x43
1852,0,0xff,0x14
1853,0,0xff,0x77
1854,0,0xff,0xda
1855,0,0xff,0xd1
1856,0,0xff,0xa4
1857,0,0xff,0x67
1858,0,0xff,0x2a
1859,0,0xff,0x60
1860,0,0xff,0x04
1861,0,0xff,0xda
1862,0,0xff,0x32
1863,0,0xff,0x70
1864,0,0xff,0x76
1865,0,0xff,0x83
1866,0,0xff,0x0c
1867,0,0xff,0x5a
1868,0,0xff,0x05
1869,0,0xff,0x44
1870,0,0xff,0x65
1871,0,0xff,0xf1
1872,0,0xff,0x7e
1873,0,0xff,0x09
1874,0,0xff,0x09
1875,0,0xff,0xd3
1876,0,0xff,0x0f
1877,0,0xff,0x7a
1878,0,0xff,0xc2
1879,0,0xff,0x0b
1880,0,0xff,0x4b
1881,0,0xff,0xed
1882,0,0xff,0x0e
1883,0,0xff,0xc6
1884,0,0xff,0xb0
1885,0,0xff,0xc9
1886,0,0xff,0x11
1887,0,0xff,0x86
1888,0,0xff,0xff
1889,0,0xff,0x3d
1890,0,0xff,0x3e
1891,0,0xff,0x62
1892,0,0xff,0x55
1893,0,0xff,0x7a
1894,0,0xff,0xfc
1895,0,0xff,0x2e
1896,0,0xff,0x2a
1897,0,0xff,0xbb
1898,0,0xff,0xe6
1899,0,0xff,0x0a
1900,0,0xff,0xac
1901,0,0xff,0xec
1902,0,0xff,0x92
1903,0,0xff,0x6a
1904,0,0xff,0x12
1905,0,0xff,0xf1
1906,0,0xff,0x61
1907,0,0xff,0x1a
1908,0,0xff,0x1e
1909,0,0xff,0x6f
1910,0,0xff,0x84
1911,0,0xff,0x3d
1912,0,0xff,0xc3
1913,0,0xff,0xa4
1914,0,0xff,0xf8
1915,0,0xff,0xbb
1916,0,0xff,0x9d
1917,0,0xff,0x8d
1918,0,0xff,0x65
1919,0,0xff,0xbd
1920,0,0xff,0xfd
1921,0,0xff,0xfa
1922,0,0xff,0xf9
1923,0,0xff,0xd3
1924,0,0xff,0x42
1925,0,0xff,0x10
1926,0,0xff,0xa9
1927,0,0xff,0x96
1928,0,0xff,0xe0
1929,0,0xff,0x44
1930,0,0xff,0x1d
1931,0,0xff,0xb3
1932,0,0xff,0xab
1933,0,0xff,0x1e
1934,0,0xff,0x88
1935,0,0xff,0x23
1936,0,0xff,0xc8
1937,0,0xff,0x82
1938,0,0xff,0x17
1939,0,0xff,0xe8
1940,0,0xff,0x3e
1941,0,0xff,0xeb
1942,0,0xff,0xfa
1943,0,0xff,0x66
1944,0,0xff,0x78
1945,0,0xff,0x89
1946,0,0xff,0xb9
1947,0,0xff,0x1f
1948,0,0xff,0x39
1949,0,0xff,0xd4
1950,0,0xff,0xa6
1951,0,0xff,0x3c
1952,0,0xff,0x37
1953,0,0xff,0x4e
1954,0,0xff,0x9b
1955,0,0xff,0x74
1956,0,0xff,0xe4
1957,0,0xff,0xbd
1958,0,0xff,0x68
1959,0,0xff,0x68
1960,0,0xff,0xa6
1961,0,0xff,0xcc
1962,0,0xff,0xf5
1963,0,0xff,0x32
1964,0,0xff,0x24
1965,0,0xff,0x3b
1966,0,0xff,0x69
1967,0,0xff,0x56
1968,0,0xff,0x9c
1969,0,0xff,0x10
1970,0,0xff,0x10
1971,0,0xff,0x62
1972,0,0xff,0x44
1973,0,0xff,0x4e
1974,0,0xff,0x71
1975,0,0xff,0xba
1976,0,0xff,0x66
1977,0,0xff,0x18
1978,0,0xff,0xbb
1979,0,0xff,0xd0
1980,0,0xff,0x45
1981,0,0xff,0x2d
1982,0,0xff,0x87
1983,0,0xff,0xc6
1984,0,0xff,0xd8
1985,0,0xff,0xbc
1986,0,0xff,0x8f
1987,0,0xff,0x91
1988,0,0xff,0x97
1989,0,0xff,0x9e
1990,0,0xff,0xdf
1991,0,0xff,0x72
1992,0,0xff,0x06
1993,0,0xff,0xe2
1994,0,0xff,0x33
1995,0,0xff,0xf4
1996,0,0xff,0x3d
1997,0,0xff,0x14
1998,0,0xff,0xf9
1999,0,0xff,0x11
2000,0,0xff,0xc3
2001,0,0xff,0xc9
2002,0,0xff,0x66
2003,0,0xff,0x27
2004,0,0xff,0xe9
2005,0,0xff,0x50
2006,0,0xff,0x12
2007,0,0xff,0x2e
2008,0,0xff,0xfb
2009,0,0xff,0x78
2010,0,0xff,0x01
2011,0,0xff,0x6e
2012,0,0xff,0xde
2013,0,0xff,0xba
2014,0,0xff,0x61
2015,0,0xff,0x1f
2016,0,0xff,0xff
2017,0,0xff,0x45
2018,0,0xff,0xbd
2019,0,0xff,0x5f
2020,0,0xff,0xe7
2021,0,0xff,0x90
2022,0,0xff,0x47
2023,0,0xff,0xa8
2024,0,0xff,0xfa
2025,0,0xff,0x85
2026,0,0xff,0x96
2027,0,0xff,0x46
2028,0,0xff,0xcd
2029,0,0xff,0x4d
2030,0,0xff,0xa6
2031,0,0xff,0xbc
2032,0,0xff,0xa0
2033,0,0xff,0xfe
2034,0,0xff,0xbc
2035,0,0xff,0x32
2036,0,0xff,0x83
2037,0,0xff,0x08
2038,0,0xff,0x14
2039,0,0xff,0xdb
2040,0,0xff,0xba
2041,0,0xff,0x50
2042,0,0xff,0x6d
2043,0,0xff,0xb2
2044,0,0xff,0x85
2045,0,0xff,0x47
2046,0,0xff,0x25
2047,0,0xff,0xb0
2048,0,0xff,0x6d
2049,0,0xff,0x49
2050,0,0xff,0x58
2051,0,0xff,0x84
2052,0,0xff,0xa0
2053,0,0xff,0x1d
2054,0,0xff,0x81
2055,0,0xff,0xe4
2056,0,0xff,0x50
2057,0,0xff,0x25
2058,0,0xff,0xb8
2059,0,0xff,0xf2
2060,0,0xff,0x96
2061,0,0xff,0x81
2062,0,0xff,0xce
2063,0,0xff,0xe8
2064,0,0xff,0x97
2065,0,0xff,0x7c
2066,0,0xff,0xb2
2067,0,0xff,0x61
2068,0,0xff,0xff
2069,0,0xff,0x4f
2070,0,0xff,0x28
2071,0,0xff,0x05
2072,0,0xff,0xb0
2073,0,0xff,0x19
2074,0,0xff,0xfa
2075,0,0xff,0x34
2076,0,0xff,0x65
2077,0,0xff,0x51
2078,0,0xff,0x82
2079,0,0xff,0x36
2080,0,0xff,0xa3
2081,0,0xff,0xaf
2082,0,0xff,0x88
2083,0,0xff,0x55
2084,0,0xff,0x4b
2085,0,0xff,0x08
2086,0,0xff,0xa5
2087,0,0xff,0xcc
2088,0,0xff,0x80
2089,0,0xff,0xac
2090,0,0xff,0x65
2091,0,0xff,0x02
2092,0,0xff,0xf6
2093,0,0xff,0xf7
2094,0,0xff,0x38
2095,0,0xff,0x25
2096,0,0xff,0xcf
2097,0,0xff,0x3b
2098,0,0xff,0x5a
2099,0,0xff,0xc3
2100,0,0xff,0x3e
2101,0,0xff,0xfc
2102,0,0xff,0x15
2103,0,0xff,0x4f
2104,0,0xff,0xec
2105,0,0xff,0x80
2106,0,0xff,0xeb
2107,0,0xff,0x00
2108,0,0xff,0xff
2109,0,0x40,0xff
2110,0,0xff,0xff
2111,0,0xff,0xff
2112,0,0xff,0xff
2113,0,0xff,0x58
2114,0,0xff,0xcc
2115,0,0xff,0xec
2116,0,0xff,0x71
2117,0,0xff,0x0b
2118,0,0xff,0x00
2119,0,0xff,0xff
2120,0,0x00,0xff
2121,0,0xff,0xff
2122,0,0xff,0xff
2123,0,0xff,0xfe
2124,0,0xff,0x67
2125,0,0xff,0x5a
2126,0,0xff,0xd4
2127,0,0xff,0x4e
2128,0,0xff,0xee
2129,0,0xff,0x84
2130,0,0xff,0x36
2131,0,0xff,0xbf
2132,0,0xff,0xde
2133,0,0xff,0x27
2134,0,0xff,0x8d
2135,0,0xff,0xef
2136,0,0xff,0x3f
2137,0,0xff,0x59
2138,0,0xff,0x0b
2139,0,0xff,0xc2
2140,0,0xff,0x66
2141,0,0xff,0x9e
2142,0,0xff,0xe2
2143,0,0xff,0x4c
2144,0,0xff,0xd7
2145,0,0xff,0x93
2146,0,0xff,0x30
2147,0,0xff,0xc7
2148,0,0xff,0x41
2149,0,0xff,0xbd
2150,0,0xff,0x13
2151,0,0xff,0xdb
2152,0,0xff,0xce
2153,0,0xff,0x17
2154,0,0xff,0x00
2155,0,0xff,0xdf
2156,0,0xff,0x56
2157,0,0xff,0x65
2158,0,0xff,0x60
2159,0,0xff,0xda
2160,0,0xff,0xc7
2161,0,0xff,0x81
2162,0,0xff,0x54
2163,0,0xff,0xd1
2164,0,0xff,0x06
2165,0,0xff,0x48
2166,0,0xff,0x7a
2167,0,0xff,0xb6
2168,0,0xff,0x62
2169,0,0xff,0x59
2170,0,0xff,0x93
2171,0,0xff,0x0a
2172,0,0xff,0x36
2173,0,0xff,0x5c
2174,0,0xff,0x8f
2175,0,0xff,0x0a
2176,0,0xff,0x8b
2177,0,0xff,0xdf
2178,0,0xff,0x2f
2179,0,0xff,0x46
2180,0,0xff,0x04
2181,0,0xff,0x1d
2182,0,0xff,0xb8
2183,0,0xff,0xf6
2184,0,0xff,0xdd
2185,0,0xff,0x12
2186,0,0xff,0x27
2187,0,0xff,0xdb
2188,0,0xff,0x5a
2189,0,0xff,0xe7
2190,0,0xff,0xba
2191,0,0xff,0xf6
2192,0,0xff,0x14
2193,0,0xff,0x60
2194,0,0xff,0xf9
2195,0,0xff,0x5a
2196,0,0xff,0xc1
2197,0,0xff,0x2c
2198,0,0xff,0x72
2199,0,0xff,0x13
2200,0,0xff,0x39
2201,0,0xff,0x7e
2202,0,0xff,0xe4
2203,0,0xff,0x30
2204,0,0xff,0x11
2205,0,0xff,0xf9
2206,0,0xff,0xc9
2207,0,0xff,0xee
2208,0,0xff,0xc4
2209,0,0xff,0x05
2210,0,0xff,0xa7
2211,0,0xff,0x75
2212,0,0xff,0x0f
2213,0,0xff,0x78
2214,0,0xff,0x09
2215,0,0xff,0x47
2216,0,0xff,0x81
2217,0,0xff,0xe7
2218,0,0xff,0x57
2219,0,0xff,0xab
2220,0,0xff,0x12
2221,0,0xff,0x33
2222,0,0xff,0x38
2223,0,0xff,0xe0
2224,0,0xff,0x85
2225,0,0xff,0x42
2226,0,0xff,0x49
2227,0,0xff,0x5c
2228,0,0xff,0x91
2229,0,0xff,0xa4
2230,0,0xff,0x6f
2231,0,0xff,0xbe
2232,0,0xff,0x3b
2233,0,0xff,0xca
2234,0,0xff,0x65
2235,0,0xff,0x24
2236,0,0xff,0x46
2237,0,0xff,0x98
2238,0,0xff,0xf3
2239,0,0xff,0x45
2240,0,0xff,0x0d
2241,0,0xff,0x24
2242,0,0xff,0x70
2243,0,0xff,0xb6
2244,0,0xff,0xfe
2245,0,0xff,0x16
2246,0,0xff,0x12
2247,0,0xff,0x2b
2248,0,0xff,0x33
2249,0,0xff,0x8e
2250,0,0xff,0x03
2251,0,0xff,0x4b
2252,0,0xff,0x8f
2253,0,0xff,0xd5
2254,0,0xff,0xea
2255,0,0xff,0x3e
2256,0,0xff,0x42
2257,0,0xff,0xef
2258,0,0xff,0x85
2259,0,0xff,0xb8
2260,0,0xff,0xd4
2261,0,0xff,0x65
2262,0,0xff,0x90
2263,0,0xff,0x86
2264,0,0xff,0x92
2265,0,0xff,0xca
2266,0,0xff,0x56
2267,0,0xff,0xfa
2268,0,0xff,0xe0
2269,0,0xff,0x3e
2270,0,0xff,0xc6
2271,0,0xff,0xda
2272,0,0xff,0x2a
2273,0,0xff,0x50
2274,0,0xff,0x7b
2275,0,0xff,0x18
2276,0,0xff,0xc8
2277,0,0xff,0x2e
2278,0,0xff,0x32
2279,0,0xff,0x92
2280,0,0xff,0xaf
2281,0,0xff,0xe2
2282,0,0xff,0xdc
2283,0,0xff,0x94
2284,0,0xff,0xe2
2285,0,0xff,0xe3
2286,0,0xff,0xe0
2287,0,0xff,0x9f
2288,0,0xff,0x50
2289,0,0xff,0x11
2290,0,0xff,0x34
2291,0,0xff,0xa8
2292,0,0xff,0xcd
2293,0,0xff,0xb6
2294,0,0xff,0x3f
2295,0,0xff,0xdd
2296,0,0xff,0xa4
2297,0,0xff,0xd5
2298,0,0xff,0x8a
2299,0,0xff,0x66
2300,0,0xff,0xd0
2301,0,0xff,0x3c
2302,0,0xff,0x45
2303,0,0xff,0xb6
2304,0,0xff,0xaa
2305,0,0xff,0xf5
2306,0,0xff,0x61
2307,0,0xff,0xb3
2308,0,0xff,0x5d
2309,0,0xff,0x23
2310,0,0xff,0xb0
2311,0,0xff,0xe5
2312,0,0xff,0x71
2313,0,0xff,0xd8
2314,0,0xff,0x3b
2315,0,0xff,0x6c
2316,0,0xff,0x21
2317,0,0xff,0x72
2318,0,0xff,0xd1
2319,0,0xff,0x64
2320,0,0xff,0x49
2321,0,0xff,0x74
2322,0,0xff,0xcb
2323,0,0xff,0xdf
2324,0,0xff,0x34
2325,0,0xff,0x02
2326,0,0xff,0x31
2327,0,0xff,0xc7
2328,0,0xff,0x34
2329,0,0xff,0x9c
2330,0,0xff,0x21
2331,0,0xff,0x45
2332,0,0xff,0xbc
2333,0,0xff,0x66
2334,0,0xff,0x3a
2335,0,0xff,0x0e
2336,0,0xff,0xdb
2337,0,0xff,0xee
2338,0,0xff,0x1c
2339,0,0xff,0xca
2340,0,0xff,0x05
2341,0,0xff,0x1c
2342,0,0xff,0x31
2343,0,0xff,0x5d
2344,0,0xff,0xd2
2345,0,0xff,0x3a
2346,0,0xff,0x86
2347,0,0xff,0xeb
2348,0,0xff,0xad
2349,0,0xff,0x20
2350,0,0xff,0x08
2351,0,0xff,0x38
2352,0,0xff,0xa9
2353,0,0xff,0x56
2354,0,0xff,0x2a
2355,0,0xff,0xb2
2356,0,0xff,0xdf
2357,0,0xff,0x1d
2358,0,0xff,0xaf
2359,0,0xff,0x95
2360,0,0xff,0x40
2361,0,0xff,0x5a
2362,0,0xff,0x10
2363,0,0xff,0x34
2364,0,0xff,0x5c
2365,0,0xff,0xc2
2366,0,0xff,0xfe
2367,0,0xff,0x0a
2368,0,0xff,0xf9
2369,0,0xff,0x4d
2370,0,0xff,0x12
2371,0,0xff,0xf4
2372,0,0xff,0x31
2373,0,0xff,0xb3
2374,0,0xff,0xc9
2375,0,0xff,0x3a
2376,0,0xff,0x59
2377,0,0xff,0x6f
2378,0,0xff,0xea
2379,0,0xff,0x1c
2380,0,0xff,0x43
2381,0,0xff,0x14
2382,0,0xff,0x77
2383,0,0xff,0xda
2384,0,0xff,0xd1
2385,0,0xff,0xa4
2386,0,0xff,0x67
2387,0,0xff,0x2a
2388,0,0xff,0x60
2389,0,0xff,0x04
2390,0,0xff,0xda
2391,0,0xff,0x32
2392,0,0xff,0x70
2393,0,0xff,0x76
2394,0,0xff,0x83
2395,0,0xff,0x0c
2396,0,0xff,0x5a
2397,0,0xff,0x05
2398,0,0xff,0x44
2399,0,0xff,0x65
2400,0,0xff,0xf1
2401,0,0xff,0x7e
2402,0,0xff,0x09
2403,0,0xff,0x09
2404,0,0xff,0xd3
2405,0,0xff,0x0f
2406,0,0xff,0x7a
2407,0,0xff,0xc2
2408,0,0xff,0x0b
2409,0,0xff,0x4b
2410,0,0xff,0xed
2411,0,0xff,0x0e
2412,0,0xff,0xc6
2413,0,0xff,0xb0
2414,0,0xff,0xc9
2415,0,0xff,0x11
2416,0,0xff,0x86
2417,0,0xff,0xff
2418,0,0xff,0x3d
2419,0,0xff,0x3e
2420,0,0xff,0x62
2421,0,0xff,0x55
2422,0,0xff,0x7a
2423,0,0xff,0xfc
2424,0,0xff,0x2e
2425,0,0xff,0x2a
2426,0,0xff,0xbb
2427,0,0xff,0xe6
2428,0,0xff,0x0a
2429,0,0xff,0xac
2430,0,0xff,0xec
2431,0,0xff,0x92
2432,0,0xff,0x6a
2433,0,0xff,0x12
2434,0,0xff,0xf1
2435,0,0xff,0x61
2436,0,0xff,0x1a
2437,0,0xff,0x1e
2438,0,0xff,0x6f
2439,0,0xff,0x84
2440,0,0xff,0x3d
2441,0,0xff,0xc3
2442,0,0xff,0xa4
2443,0,0xff,0xf8
2444,0,0xff,0xbb
2445,0,0xff,0x9d
2446,0,0xff,0x8d
2447,0,0xff,0x65
2448,0,0xff,0xbd
2449,0,0xff,0xfd
2450,0,0xff,0xfa
2451,0,0xff,0xf9
2452,0,0xff,0xd3
2453,0,0xff,0x42
2454,0,0xff,0x10
2455,0,0xff,0xa9
2456,0,0xff,0x96
2457,0,0xff,0xe0
2458,0,0xff,0x44
2459,0,0xff,0x1d
2460,0,0xff,0xb3
2461,0,0xff,0xab
2462,0,0xff,0x1e
2463,0,0xff,0x88
2464,0,0xff,0x23
2465,0,0xff,0xc8
2466,0,0xff,0x82
2467,0,0xff,0x17
2468,0,0xff,0xe8
2469,0,0xff,0x3e
2470,0,0xff,0xeb
2471,0,0xff,0xfa
2472,0,0xff,0x66
2473,0,0xff,0x78
2474,0,0xff,0x89
2475,0,0xff,0xb9
2476,0,0xff,0x1f
2477,0,0xff,0x39
2478,0,0xff,0xd4
2479,0,0xff,0xa6
2480,0,0xff,0x3c
2481,0,0xff,0x37
2482,0,0xff,0x4e
2483,0,0xff,0x9b
2484,0,0xff,0x74
2485,0,0xff,0xe4
2486,0,0xff,0xbd
2487,0,0xff,0x68
2488,0,0xff,0x68
2489,0,0xff,0xa6
2490,0,0xff,0xcc
2491,0,0xff,0xf5
2492,0,0xff,0x32
2493,0,0xff,0x24
2494,0,0xff,0x3b
2495,0,0xff,0x69
2496,0,0xff,0x56
2497,0,0xff,0x9c
2498,0,0xff,0x10
2499,0,0xff,0x10
2500,0,0xff,0x62
2501,0,0xff,0x44
2502,0,0xff,0x4e
2503,0,0xff,0x71
2504,0,0xff,0xba
2505,0,0xff,0x66
2506,0,0xff,0x18
2507,0,0xff,0xbb
2508,0,0xff,0xd0
2509,0,0xff,0x45
2510,0,0xff,0x2d
2511,0,0xff,0x87
2512,0,0xff,0xc6
2513,0,0xff,0xd8
2514,0,0xff,0xbc
2515,0,0xff,0x8f
2516,0,0xff,0x91
2517,0,0xff,0x97
2518,0,0xff,0x9e
2519,0,0xff,0xdf
2520,0,0xff,0x72
2521,0,0xff,0x06
2522,0,0xff,0xe2
2523,0,0xff,0x33
2524,0,0xff,0xf4
2525,0,0xff,0x3d
2526,0,0xff,0x14
2527,0,0xff,0xf9
2528,0,0xff,0x11
2529,0,0xff,0xc3
2530,0,0xff,0xc9
2531,0,0xff,0x66
2532,0,0xff,0x27
2533,0,0xff,0xe9
2534,0,0xff,0x50
2535,0,0xff,0x12
2536,0,0xff,0x2e
2537,0,0xff,0xfb
2538,0,0xff,0x78
2539,0,0xff,0x01
2540,0,0xff,0x6e
2541,0,0xff,0xde
2542,0,0xff,0xba
2543,0,0xff,0x61
2544,0,0xff,0x1f
2545,0,0xff,0xff
2546,0,0xff,0x45
2547,0,0xff,0xbd
2548,0,0xff,0x5f
2549,0,0xff,0xe7
2550,0,0xff,0x90
2551,0,0xff,0x47
2552,0,0xff,0xa8
2553,0,0xff,0xfa
2554,0,0xff,0x85
2555,0,0xff,0x96
2556,0,0xff,0x46
2557,0,0xff,0xcd
2558,0,0xff,0x4d
2559,0,0xff,0xa6
2560,0,0xff,0xbc
2561,0,0xff,0xa0
2562,0,0xff,0xfe
2563,0,0xff,0xbc
2564,0,0xff,0x32
2565,0,0xff,0x83
2566,0,0xff,0x08
2567,0,0xff,0x14
2568,0,0xff,0xdb
2569,0,0xff,0xba
2570,0,0xff,0x50
2571,0,0xff,0x6d
2572,0,0xff,0xb2
2573,0,0xff,0x85
2574,0,0xff,0x47
2575,0,0xff,0x25
2576,0,0xff,0xb0
2577,0,0xff,0x6d
2578,0,0xff,0x49
2579,0,0xff,0x58
2580,0,0xff,0x84
2581,0,0xff,0xa0
2582,0,0xff,0x1d
2583,0,0xff,0x81
2584,0,0xff,0xe4
2585,0,0xff,0x50
2586,0,0xff,0x25
2587,0,0xff,0xb8
2588,0,0xff,0xf2
2589,0,0xff,0x96
2590,0,0xff,0x81
2591,0,0xff,0xce
2592,0,0xff,0xe8
2593,0,0xff,0x97
2594,0,0xff,0x7c
2595,0,0xff,0xb2
2596,0,0xff,0x61
2597,0,0xff,0xff
2598,0,0xff,0x4f
2599,0,0xff,0x28
2600,0,0xff,0x05
2601,0,0xff,0xb0
2602,0,0xff,0x19
2603,0,0xff,0xfa
2604,0,0xff,0x34
2605,0,0xff,0x65
2606,0,0xff,0x51
2607,0,0xff,0x82
2608,0,0xff,0x36
2609,0,0xff,0xa3
2610,0,0xff,0xaf
2611,0,0xff,0x88
2612,0,0xff,0x55
2613,0,0xff,0x4b
2614,0,0xff,0x08
2615,0,0xff,0xa5
2616,0,0xff,0xcc
2617,0,0xff,0x80
2618,0,0xff,0xac
2619,0,0xff,0x65
2620,0,0xff,0x02
2621,0,0xff,0xf6
2622,0,0xff,0xf7
2623,0,0xff,0x38
2624,0,0xff,0x25
2625,0,0xff,0xcf
2626,0,0xff,0x3b
2627,0,0xff,0x5a
2628,0,0xff,0xc3
2629,0,0xff,0x3e
2630,0,0xff,0xfc
2631,0,0xff,0x15
2632,0,0xff,0x4f
2633,0,0xff,0xec
2634,0,0xff,0x80
2635,0,0xff,0xeb
2636,0,0xff,0x00
2637,0,0xff,0xff
2638,0,0x40,0xff
